{
  "kodak": {
    "BPG": 30.09919568571764,
    "VTM": 0.0,
    "tinylic_10k": 14.714177426240038,
    "tinylic_20k": 5.4364880638996915,
    "tinylic_50k": -0.853682476508133
  },
  "clic2020": {
    "VTM": 0.0,
    "tinylic_10k": 14.577340973072062,
    "tinylic_20k": 4.61896133398354,
    "tinylic_50k": -1.7825752841663878
  },
  "jpegai_test_chunk": {
    "VTM": 0.0,
    "tinylic_10k": 13.839078676614513,
    "tinylic_20k": 6.321119046393053,
    "tinylic_50k": 0.8978467453456762
  },
  "tecnick": {
    "VTM": 0.0,
    "tinylic_10k": 12.721397171493587,
    "tinylic_20k": 2.770974028018891,
    "tinylic_50k": -4.202507122734422
  }
}