{
  "kodak": {
    "BPG": {
      "bpp": [
        0.07260269367110156,
        0.14540115788577485,
        0.24050878089178884,
        0.3320938885921937,
        0.44363985185873184,
        0.553424605846704,
        0.6426613377605438,
        0.7512719522294722,
        0.8416829204108329,
        0.8968688322845799
      ],
      "psnr": [
        26.329113749116118,
        28.341771771663712,
        30.03797453699539,
        31.35443036786449,
        32.58227816349001,
        33.69620260888081,
        34.51898711204683,
        35.36708875546411,
        36.01265823114875,
        36.44303788160518
      ]
    },
    "VTM": {
      "bpp": [
        0.17486630792194274,
        0.28609626622750733,
        0.4401069404436023,
        0.6176470678952847,
        0.8133689654602636,
        0.8973261584388547
      ],
      "psnr": [
        30.014109002463602,
        31.91181633679285,
        33.82363325487289,
        35.55908270121682,
        37.08994710686285,
        37.66843023142387
      ]
    }
  },
  "clic2020": {
    "VTM": {
      "bpp": [
        0.13803363212626746,
        0.20595083920424098,
        0.3565329804348678,
        0.44812421336677555,
        0.6452781966788921
      ],
      "psnr": [
        32.02797220728088,
        33.503496850025975,
        35.643356734018425,
        36.60139856714859,
        38.22377621773211
      ]
    }
  },
  "jpegai_test_chunk": {
    "VTM": {
      "bpp": [
        0.075543744,
        0.150782014,
        0.282636852,
        0.502798143
      ],
      "psnr": [
        27.41197,
        29.52881,
        31.76007,
        34.11403
      ]
    }
  },
  "tecnick": {
    "VTM": {
      "bpp": [
        0.07895187613822979,
        0.15884876748211593,
        0.3027491158378586,
        0.5480239867184374
      ],
      "psnr": [
        29.791077346085483,
        32.36779127316333,
        35.07508158995802,
        37.64309025702291
      ]
    }
  }
}
